Title,Year,Runtime,Genre,Budget,Revenue,Personal,IMDb,Rotten_Tomatoes,Metacritic,Filmaffinity,P1,P2,P3,P4,P5,P6,P7,P8,P9,P10,P11,P12,P13,P14,P15,P16,P17,P18,P19,P20
(500) Days of Summer,2009,95,Romance,7.5,61,40,76,86,76,68,83,79,100,77,,81,95,94,46,90,80,12,,80,99,78,80,99,76,56
10 Things I Hate About You,1999,97,Romance,13,54,60,74,71,70,59,20,73,76,38,96,92,90,67,88,95,80,78,43,88,61,89,22,86,58,93
28 days later,2002,113,Horror,8,85.7,85,75,87,73,67,81,,80,99,64,20,,45,51,67,,43,90,17,100,78,0,78,81,92
A Star is Born,2018,135,Romance,36,436.2,70,76,90,88,68,93,83,84,86,94,18,41,86,90,44,76,83,11,77,99,90,77,73,83,94
Adaptation (Ladron de Orquideas),2002,114,Comedy,19,32.8,95,77,91,83,74,24,19,71,25,80,20,89,,78,87,37,78,25,11,85,72,61,91,80,86
Alien: Romulus,2024,119,Horror,80,350.9,85,71,80,64,64,90,,98,84,52,77,46,93,79,55,83,,31,,88,90,47,93,88,60
Am?lie,2001,122,Romance,10,174.2,85,83,89,69,77,58,77,60,40,90,53,77,100,75,15,27,82,41,28,88,55,97,100,92,52
American Psycho,2000,102,Horror,7,34,60,76,69,64,66,50,77,77,69,91,77,20,,96,78,62,87,,100,20,81,65,57,53,27
Anora,2024,138,Drama,6,57,86,74,93,91,69,50,83,82,76,80,97,87,98,79,52,76,71,79,99,86,19,35,80,82,
Arrival,2016,116,SciFi,47,47,86,79,94,81,74,57,100,19,76,82,84,18,88,88,95,83,,89,93,97,57,43,96,82,65
Avatar,2009,162,SciFi,237,2920,71,79,81,83,72,98,85,94,83,45,60,19,,82,,94,89,44,86,89,73,41,12,85,15
Avatar: The Way of Water,2022,192,SciFi,460,2320,69,75,76,67,65,88,84,82,99,92,83,45,,80,54,23,62,55,98,84,84,41,73,,78
Avengers: Endgame,2019,181,Action,400,2800,15,84,94,78,73,61,80,16,86,94,14,100,81,97,,56,51,,95,,89,80,,77,84
Avengers: Infinity War,2018,149,Action,400,2052,25,84,85,68,75,44,89,95,94,93,78,95,59,53,95,96,97,78,98,12,36,27,90,,94
Baby Driver,2017,113,Action,34,227,65,75,92,86,65,69,69,88,84,85,100,40,82,86,14,24,,79,87,63,49,91,80,77,76
Back to the Future,1985,116,SciFi,19,381.1,90,85,93,87,75,23,97,42,,76,49,55,12,26,81,55,93,84,83,82,70,96,,100,0
Back to the Future Part II,1989,108,SciFi,40,332,80,78,63,57,72,96,85,69,,32,96,81,94,85,83,94,81,86,70,,93,69,99,,81
Back to the Future Part III,1990,118,SciFi,40,244,70,75,79,55,66,77,91,98,49,35,79,78,54,94,91,93,0,20,14,81,89,27,96,91,26
Ballerina,2025,125,Action,90,135.9,87,69,76,59,64,78,92,72,97,33,51,36,78,91,85,95,92,27,100,86,80,77,77,98,89
Barbie,2023,114,Comedy,145,1447,15,68,88,80,58,,44,80,50,94,84,96,91,95,,39,48,30,54,,96,14,97,,18
Batman Begins,2005,140,Action,150,376,78,82,85,70,74,96,85,76,88,95,80,48,86,83,83,78,19,,70,47,77,79,78,91,
Batman Dark Knight ,2008,152,Action,185,1009,100,91,94,85,81,90,71,70,62,59,79,,86,65,94,80,87,96,31,,92,20,,93,86
Batman Dark Knight Rises,2012,165,Action,250,1081,92,84,87,78,75,36,63,93,55,22,97,95,33,84,81,60,76,,79,55,88,97,70,88,47
Big Hero 6,2014,102,Animation,165,435.3,84,78,90,74,70,36,68,98,93,81,43,,89,92,94,45,94,90,20,34,90,36,67,79,86
Birdman,2014,119,Drama,18,103.2,80,77,91,87,73,98,76,93,56,90,79,97,79,82,84,19,86,22,60,76,100,90,73,99,22
Black Panther,2018,135,Action,200,1348.3,75,73,96,88,63,92,97,99,79,86,98,81,20,,93,98,29,16,87,,80,79,13,,81
Black Swan,2010,108,Thriller,13,329,45,80,85,79,76,88,80,,80,90,18,80,95,85,98,88,77,82,,76,84,72,60,21,82
Blade Runner (1982),1982,117,SciFi,28,41.8,91,81,90,84,79,93,89,99,54,97,,77,41,,100,86,80,99,96,91,98,89,84,70,44
Blade Runner 2049 ,2017,164,SciFi,185,277,86,80,88,81,79,97,92,80,12,99,100,63,99,81,86,63,33,80,,89,,96,43,40,51
Casablanca,1942,102,Drama,1,4.1,85,85,99,96,83,80,47,100,97,88,,80,72,61,80,93,88,,52,80,82,85,,93,72
Challengers,2024,131,Drama,96,55,80,64,62,80,64,83,40,72,86,61,94,54,57,,24,80,90,15,85,76,60,,93,96,80
Dead Poets Society,1989,128,Drama,16,235,85,81,85,79,79,80,99,100,87,91,96,92,14,24,20,85,78,94,84,82,12,17,94,79,94
Deadpool,2016,108,Comedy,58,2900,85,80,85,65,68,71,99,81,97,61,79,60,14,74,90,85,88,92,83,12,,99,79,80,89
Deadpool 2,2018,120,Comedy,110,786.4,82,76,83,66,67,79,40,67,85,77,,96,96,89,88,25,73,19,,81,13,89,0,34,88
Deadpool & Wolverine,2024,128,Comedy,200,1300,71,75,78,56,66,99,,84,76,27,92,79,85,89,27,12,79,23,83,94,83,65,97,74,94
Demolition,2015,100,Drama,10,18.2,80,70,54,49,56,75,67,76,32,70,21,38,80,26,32,27,92,29,92,80,94,92,25,60,86
Django Unchained,2012,165,Western,426,100,100,85,87,81,82,,87,62,34,,41,68,,87,92,41,68,,84,93,81,75,79,76,93
Dune ,2021,155,SciFi,165,410,80,80,83,74,76,56,49,78,27,77,22,70,75,97,89,88,100,40,76,80,64,83,61,13,45
Dune: Part Two,2025,166,SciFi,190,715,100,94,92,88,81,88,37,87,66,22,84,93,17,12,70,64,22,97,80,88,,15,,50,99
Ghost in the Shell,2017,83,SciFi,3,6.4,84,79,96,76,77,0,93,45,90,87,91,83,78,38,73,93,84,,78,80,50,90,85,83,80
Eternal Sunshine of the Spotless Mind,2004,108,SciFi,20,72,86,83,93,89,86,92,52,77,77,49,97,42,32,69,37,99,56,100,90,100,98,76,83,85,58
F1,2025,155,Action,300,600,89,78,82,68,70,28,29,98,60,84,79,92,92,64,16,95,56,97,31,77,97,60,13,,77
Fantastic Mr. Fox,2009,87,Animation,40,46.2,90,79,93,83,74,87,80,81,93,84,48,87,94,27,99,96,91,27,82,90,96,60,20,95,100
Fight Club,1999,139,Drama,63,100,70,88,79,66,87,,96,,,,89,47,93,,,86,58,18,93,,46,11,79,87,59
Five Nights at Freddy,2023,110,Horror,20,295.5,32,54,32,33,43,88,97,0,96,12,17,37,69,30,92,80,,94,87,93,84,70,82,42,76
Forrest Gump,1994,142,Drama,55,678,15,88,71,82,82,78,83,94,,42,98,23,78,,0,42,67,,97,,84,94,,80,84
Get Out,2017,104,Horror,5,250,87,78,98,84,77,95,87,82,80,20,95,86,50,68,89,56,49,95,94,88,95,23,90,,27
Ghostbusters,1984,105,Comedy,30,1140,78,78,95,71,66,82,95,90,84,97,80,99,11,93,60,70,93,91,90,,86,79,83,60,80
Gladiator,2000,155,Action,103,503.5,100,85,79,67,77,77,,62,82,82,86,26,76,79,17,76,55,50,94,42,92,89,29,79,96
Gone Girl,2014,149,Thriller,61,168,50,81,86,79,72,34,,22,93,89,98,71,99,48,59,58,77,11,93,53,38,90,100,,80
Good Will Hunting,1997,126,Drama,10,226,60,83,97,70,78,91,84,,90,93,77,55,,36,91,100,46,11,27,100,42,65,89,97,80
Goodfellas,1990,146,Crime,25,47.1,88,87,96,90,81,89,27,82,76,89,95,75,54,33,28,89,,80,93,94,78,73,79,100,88
Gravity,2013,151,Suspense,100,723.2,74,77,77,96,96,,91,81,,,38,,,95,83,93,81,85,31,84,,99,0,97,94
Halloween,1978,91,Horror,10,259.5,77,77,96,87,70,92,,,71,24,84,87,99,84,28,50,0,85,80,78,99,98,49,81,61
Her,2013,126,SciFi,23,48.8,71,80,95,90,74,89,69,85,56,76,97,82,23,39,96,87,59,97,78,95,44,80,20,17,84
Inception,2010,148,SciFi,160,800,70,88,87,74,86,91,76,,94,97,34,77,79,98,99,88,,93,15,81,80,,91,90,85
Inglourious Basterds,2009,153,War,70,321,95,84,89,69,85,87,31,68,69,53,91,85,65,94,44,99,56,,96,97,90,67,96,58,89
Inside Out,2015,95,Comedy,175,858.8,90,81,98,94,77,95,89,97,77,78,89,88,99,32,61,19,89,96,77,72,,77,83,,
Interstellar,2014,169,SciFi,165,731.6,90,87,73,74,80,81,0,92,78,30,42,78,98,46,54,80,78,37,87,49,90,89,21,57,
John Wick,2014,101,Action,20,87.8,92,75,86,68,64,88,84,93,45,78,,80,98,55,19,69,80,40,94,63,80,97,82,37,28
John Wick: Chapter 2 ,2017,122,Action,40,171.5,89,74,89,75,64,80,28,54,59,90,20,,29,68,78,,93,70,98,30,53,26,42,82,33
John Wick 3: Parabellum,2019,131,Action,75,327.7,73,74,89,73,64,,30,66,88,79,87,,95,84,76,68,83,21,89,,84,97,96,71,99
John Wick 4,2023,169,Action,100,447.3,95,76,94,78,67,44,77,,40,24,79,82,95,92,92,93,92,84,99,71,77,76,50,92,81
Jojo Rabbit,2019,108,Comedy,14,90.4,82,79,80,58,66,,81,54,87,,52,23,98,31,50,81,,85,80,91,81,21,76,80,62
Jurassic World,2015,124,SciFi,150,1670,65,69,71,59,58,95,94,85,65,,85,97,93,,76,76,90,85,17,,99,80,,73,89
Jurassic Park,1993,127,Adventure,63,1109.7,78,82,92,68,76,80,78,67,100,34,93,24,79,91,99,91,85,,15,,95,,,,20
The Karate Kid,1984,146,Action,8,130,70,73,81,61,61,99,,84,23,96,77,60,56,19,84,,29,,,79,87,88,13,79,57
Kill Bill: Vol. 1,2003,111,Action,30,180,100,82,85,69,81,30,,98,92,,84,,83,85,40,93,48,88,85,97,48,60,80,88,
Killer Clowns,1988,88,Horror,2,44.6,23,62,71,63,55,34,99,22,87,77,86,63,90,70,86,90,98,30,98,97,19,97,96,11,80
Knives Out,2019,130,Mystery,40,313,70,79,97,82,75,89,52,66,69,83,90,40,,27,90,66,78,20,52,91,77,85,86,21,74
La Haine,1995,98,Crime,2.6,15.3,81,81,100,,78,40,93,85,82,23,80,97,92,92,,80,,79,85,81,30,82,91,96,14
Lady Bird,2017,94,Drama,10,70,69,74,99,94,76,99,53,30,40,52,65,85,,,,20,,97,20,35,,,81,,98
Lalaland,2016,128,Musical,30,472,97,80,91,74,77,83,91,99,,93,78,70,15,80,95,23,98,78,94,81,89,70,12,100,88
Logan,2017,137,Action,97,619,88,81,93,77,69,97,24,,94,91,33,56,100,29,82,100,67,24,78,,94,78,94,27,78
Mad Max: Fury Road,2015,120,Action,150,380.4,82,81,97,90,76,87,89,,86,80,99,,100,,89,65,81,89,,90,98,38,,85,100
Mission: Impossible ,1996,110,Action,80,457.7,82,72,66,59,64,48,70,30,88,86,75,,92,29,81,83,40,85,82,,18,52,40,59,100
Mission: Impossible 2,2000,123,Action,125,546.4,60,61,57,59,48,75,,93,93,36,90,48,12,40,65,92,27,77,62,73,83,86,80,59,90
Mission: Impossible 3,2006,126,Action,150,398.5,83,69,73,66,56,36,79,78,84,36,60,53,90,59,77,15,,94,16,17,,95,70,90,82
Mission: Impossible - Dead Reckoning Part One,2023,163,Action,291,571.1,75,76,96,81,69,96,87,44,78,90,86,76,100,,87,50,94,81,24,44,,88,49,94,
Mission: Impossible - Fallout,2018,148,Action,178,791,85,77,98,87,67,99,44,20,71,80,89,87,90,84,18,89,,14,76,78,87,72,94,81,76
Mission: Impossible - Ghost Protocol,2011,133,Action,145,694.7,95,74,94,73,61,55,26,,89,90,48,94,,41,29,91,84,,95,52,94,36,87,76,
Mission: Impossible - Rogue Nation,2015,131,Action,150,682.7,93,74,94,75,63,97,32,99,76,68,94,86,72,56,,,90,40,88,76,26,97,83,80,97
Mission: Impossible- The Final Reckoning,2025,169,Action,400,598,92,73,80,67,67,,78,28,78,82,77,95,88,70,80,94,90,100,51,96,31,89,,99,100
Moonlight,2016,111,Romance,1.5,65.3,78,74,98,99,70,93,82,45,95,62,81,69,86,83,83,83,91,86,45,78,80,95,86,,99
Nightcrawler,2014,117,Suspense,8.5,50.3,66,78,95,76,71,84,100,83,72,39,90,80,19,82,25,57,,98,90,79,31,61,,88,87
No Country for Old Men,2007,122,Suspense,25,171.6,94,82,93,91,79,36,,82,74,76,86,64,79,90,90,,98,98,92,82,27,88,51,17,69
Nop,2022,130,Horror,68,172.3,83,68,83,77,60,80,31,80,96,95,12,42,29,,91,,98,64,34,62,,22,94,60,84
Nosferatu,2024,132,Horror,50,181,56,72,84,78,67,36,87,77,76,36,34,,80,99,90,92,46,99,96,73,80,82,78,100,82
Nosferatu (1922),1922,94,Horror,,,78,78,97,90,76,41,92,64,100,88,82,,56,77,91,77,82,98,89,34,80,94,91,43,40
Oldboy ,2003,101,Thriller,3,17,80,83,82,77,86,66,0,59,98,79,89,99,61,78,84,83,97,83,79,88,,96,100,65,19
Oppenheimer,2023,180,Drama,100,976,95,83,93,93,86,87,64,,89,80,76,80,96,86,88,51,51,81,80,90,77,86,100,90,81
Pacific Rim,2013,131,Action,190,411.1,83,69,72,64,59,99,47,50,31,,98,85,74,70,87,98,89,90,98,,59,28,92,92,99
Parasite,2019,132,Thriller,11,258,24,85,99,96,86,51,86,100,80,38,83,90,100,44,84,13,17,100,77,56,84,50,80,80,60
Pulp fiction,1994,154,Crime,8,200,83,88,92,94,88,85,60,87,55,86,100,20,92,59,,100,77,95,62,94,49,79,44,27,80
Ratatouille,2007,111,Animation,150,623,91,81,96,96,80,80,84,86,96,81,95,16,90,88,79,53,84,96,83,,95,,82,78,89
Mickey 17,2025,139,SciFi,118,130,74,82,77,70,60,,,93,81,89,97,84,90,12,20,11,87,25,69,91,84,86,90,98,65
Saw,2004,103,Horror,1.2,104,59,76,50,46,72,70,94,31,88,81,69,95,12,64,88,97,89,41,98,,60,81,14,84,88
Scarface,1983,165,Crime,25,65.7,89,83,79,65,82,69,78,15,43,60,70,84,97,32,90,62,89,17,89,96,100,26,46,,75
Scream,1996,111,Horror,15,173,73,74,77,66,58,99,65,30,99,84,63,45,82,,83,25,81,57,,84,81,92,100,86,93
Se7en,1995,127,Thriller,33,327,90,86,81,86,86,100,,85,65,96,,83,66,80,92,96,93,99,98,34,81,88,99,82,78
Shrek,2001,89,Comedy,60,492,99,79,88,84,78,94,91,,73,79,89,88,76,79,85,95,90,76,77,,,79,,28,76
Shutter Island,2010,138,Thriller,80,294,69,82,68,65,78,70,,89,92,85,58,92,88,80,78,88,83,77,55,100,49,24,78,94,40
Sinners,2025,137,Thriller,100,365,60,76,55,60,76,94,,88,88,72,24,,79,65,16,84,98,90,50,95,,95,47,23,35
Spider-Man: Across the Spider-Verse,2018,140,Animation,150,690,90,85,94,87,82,75,95,95,11,,,96,,,98,93,77,48,41,81,31,60,97,47,14
Spider-Man: Into the Spider-Verse,2023,117,Animation,90,394,90,84,97,87,85,23,78,70,96,89,89,95,99,100,27,56,20,97,18,93,89,90,78,36,78
Spider-Man: No Way Home,2021,148,Action,200,1910,83,82,93,71,70,83,91,86,89,90,79,40,12,49,85,96,100,90,66,82,85,92,82,79,84
Star Wars: Episode I - The Phantom Menace ,1999,136,SciFi,115,775,73,65,54,51,62,,75,70,79,68,59,92,,,84,100,57,83,61,88,90,84,60,81,42
Star Wars: Episode II - Attack of the Clones,2002,142,SciFi,115,649,61,66,62,54,63,76,50,82,,82,38,97,22,77,76,37,84,35,22,75,96,76,78,53,81
Star Wars: Episode III - Revenge of the Sith,2005,140,SciFi,113,902.9,93,76,79,68,71,36,85,27,91,89,96,97,60,95,80,99,51,95,79,67,16,84,89,18,83
Star Wars: Episode IV - A New Hope,1977,121,SciFi,11,775,85,86,94,90,79,67,,92,53,80,20,27,48,19,67,79,80,93,86,24,,73,32,100,43
Spirited Away,2001,125,Animation,19,396,95,86,97,96,90,45,98,15,62,80,54,76,88,73,83,94,51,100,,85,75,97,84,48,
Taxi Driver,1976,114,Crime,1.3,28.5,75,82,89,94,81,81,84,62,80,29,86,98,81,86,97,55,70,94,88,86,92,50,100,,99
There will be blood,2007,158,Western,25,76.2,56,82,91,93,79,,96,23,54,,,98,92,,65,94,76,89,83,63,65,,59,,78
Ted,2012,106,Comedy,65,550,87,69,69,62,55,83,62,58,,96,88,85,84,35,97,89,20,45,85,,85,81,78,76,85
Ted 2,2015,116,Comedy,68,216.7,76,63,45,48,51,91,80,,74,93,41,20,88,91,,82,77,26,39,74,94,81,79,28,44
Terminator 1,1984,107,Action,6.4,78.4,79,81,100,84,75,60,83,27,48,80,68,97,,,34,87,,20,63,87,33,90,96,88,32
The Babadook,2014,94,Horror,2,10.3,36,68,98,86,61,99,14,,86,80,100,63,60,89,,59,95,55,86,57,79,94,20,60,100
The Batman,2022,176,Action,200,772,70,78,85,72,74,54,81,79,80,76,87,99,,89,18,76,54,88,99,,72,80,85,70,85
The Big Short,2015,130,Comedy,28,133.4,45,78,89,81,72,91,35,,77,70,69,13,21,82,100,82,83,37,86,77,67,14,16,55,87
The Breakfast Club,1985,97,Comedy,6,51.5,65,78,89,66,72,89,87,98,98,100,39,46,92,34,,22,68,,40,100,15,23,51,,20
The Fantastic Four: First Steps,2025,115,SciFi,200,493,82,73,87,65,65,92,98,79,27,34,81,,32,86,99,80,95,21,88,88,95,72,43,33,70
The Godfather,1972,175,Crime,6.5,291,99,92,97,100,89,60,75,78,86,93,70,100,55,45,100,81,76,32,66,83,96,86,93,100,93
The Grand Budapest Hotel,2014,99,Comedy,25,174,100,81,91,88,84,63,50,83,96,97,58,,76,82,,96,85,92,,95,43,91,16,91,
The Hunt,2020,90,Action,14,12,78,83,93,76,76,83,79,88,78,98,24,74,84,99,,99,30,76,,93,13,94,93,,93
The Hurt Locker,2008,131,Suspense,15,49.2,74,75,97,95,69,0,,23,29,78,34,61,80,,86,100,27,,69,85,92,88,59,63,76
The Imitation Game,2014,116,Suspense,14,233.6,56,80,90,71,73,39,,33,,76,44,93,12,89,,84,86,71,17,23,100,86,80,88,76
The Joker (2019),2019,122,Suspense,55,1074.3,84,83,69,59,79,84,26,32,82,89,87,82,93,,35,77,74,96,88,94,88,11,,36,81
The King's Speech,2010,118,Drama,15,432.4,78,80,94,88,73,91,,91,51,55,,59,88,96,59,65,27,12,81,36,94,85,93,,
The Light House,2019,110,Horror,4,18.1,65,74,90,83,67,,95,49,65,99,,45,76,91,22,60,94,97,77,79,100,53,70,90,82
The Lion King,1994,129,Family,45,968.5,89,85,93,88,76,73,,60,83,55,70,61,76,,93,96,72,18,93,38,97,24,77,15,99
The Martian,2015,151,SciFi,108,630.2,76,80,91,80,74,64,79,90,27,95,94,41,61,60,,76,90,,84,79,85,16,43,78,93
The Matrix,1999,136,SciFi,63,460,70,87,87,73,88,43,27,92,47,97,60,,80,,,89,41,98,80,79,87,,95,36,37
The Menu,2022,107,Horror,30,79,60,72,77,75,70,90,96,21,93,84,87,98,59,33,64,78,15,80,76,22,93,,84,91,26
The Perks of Being a Wallflower,2012,103,Drama,13,33,75,79,85,67,80,,45,79,94,21,79,79,76,87,19,81,100,96,23,84,91,20,98,87,59
The Prestige,2006,130,Suspense,40,109.7,76,85,76,66,77,23,37,77,87,20,56,,,80,,85,,85,30,56,79,,38,76,80
The Revenant,2015,156,Western,135,532.9,79,80,78,76,72,76,20,76,,96,61,35,100,87,15,90,12,40,99,29,94,15,77,100,72
The Shape of Water,2017,123,Romance,19.5,195.2,80,73,92,87,67,27,,83,84,84,54,79,53,91,36,34,82,29,99,91,12,79,,76,79
The Shining,1980,146,Horror,19,45,70,84,82,66,86,72,86,100,97,76,89,62,14,14,91,,83,62,98,28,82,78,92,92,97
The Substance,2024,141,Horror,18,82,80,72,92,84,72,,24,,30,42,45,97,,54,76,80,28,,40,60,17,83,89,87,80
The Theory of Everything,2014,123,Romance,15,123.7,72,77,81,72,68,14,89,99,36,81,89,,84,87,88,68,87,89,98,55,86,91,85,88,86
The Thing,1982,109,Horror,15,20,71,82,85,57,73,100,51,60,40,86,81,99,96,67,100,84,84,82,82,38,19,22,78,,89
The Truman Show,1998,103,Drama,60,264,65,82,95,90,84,54,81,78,68,32,38,75,97,,89,83,39,88,92,,83,53,100,90,56
The Wolf of Wall Street,2013,180,Crime,100,389,90,82,80,75,84,,95,,45,93,61,60,60,80,83,63,87,83,100,94,,78,56,54,85
Titanic,1997,194,Romance,200,2201.6,88,79,88,75,75,82,98,90,59,39,81,54,,95,93,16,99,74,13,70,22,81,99,91,51
Toy Story,1995,81,Animation,30,362,97,83,100,96,77,91,69,63,99,51,83,28,,76,98,85,90,49,95,90,97,81,99,,89
Toy Story 2,1999,92,Animation,90,511.4,98,79,100,88,71,78,78,35,79,95,79,100,61,47,74,99,86,31,76,95,91,61,80,88,29
Toy Story 3,2010,103,Animation,200,1067,89,83,98,92,79,34,76,70,81,92,43,97,96,49,,95,44,,45,60,94,,19,50,57
Toy Story 4,2019,100,Animation,200,1073,83,76,96,84,70,51,77,36,,64,26,47,,75,53,,83,40,,60,77,33,82,31,54
Tron: Legacy,2010,125,SciFi,170,409.9,77,68,51,49,56,46,88,93,84,54,98,80,81,61,64,80,84,82,89,87,86,34,26,90,91
Whiplash,2014,106,Drama,3,50,30,85,94,88,84,31,53,96,,,59,100,91,,43,82,57,,94,84,83,,100,96,99
Alien (1979),1979,117,SciFi,11,184,94,84,93,89,95,48,87,86,99,72,25,62,97,99,,93,79,36,89,,43,91,56,84,49
Aliens (1986),1986,137,SciFi,18.5,183,91,83,94,84,92,60,90,88,19,14,,98,94,100,98,85,76,67,13,78,99,83,92,34,87
American Beauty,1999,122,Drama,15,356,89,83,87,84,90,13,58,41,93,97,65,80,87,19,73,77,89,38,,89,97,14,13,100,15
Apocalypse Now,1979,147,War,31,92,96,84,90,94,97,95,,,20,93,38,86,31,96,84,86,55,93,84,79,92,58,97,100,79
Argo,2012,120,Drama,44.5,232,90,77,96,86,89,77,72,100,76,80,63,80,40,20,88,23,81,79,60,95,13,54,68,36,79
The Artist,2011,100,Drama,15,133,86,79,95,80,85,55,16,81,95,33,86,100,91,89,85,80,86,92,92,77,,46,18,13,48
The Big Lebowski,1998,117,Comedy,15,46,87,81,83,71,88,98,90,60,81,80,53,97,89,86,22,51,,63,76,54,85,86,92,76,88
Blue Velvet,1986,120,Thriller,6,8.6,92,78,94,75,91,100,,99,94,14,100,89,15,20,97,91,83,46,15,76,,92,91,79,56
Bohemian Rhapsody,2018,134,Biographical,55,910,72,79,60,49,70,88,92,,97,87,23,,84,73,98,35,95,77,80,84,96,67,75,83,
Boyhood,2014,165,Drama,4,57,95,79,98,100,94,94,95,27,,22,48,65,80,53,25,16,98,65,60,86,82,87,74,82,85
Call Me by Your Name,2017,132,Romance,3.5,43,91,79,94,93,90,53,29,35,62,76,90,55,80,25,71,76,33,97,95,98,20,95,100,92,19
Capote,2005,114,Biographical,7,49,86,74,88,83,87,99,96,57,100,13,100,92,64,77,47,93,88,13,82,19,91,20,83,98,80
Catch Me If You Can,2002,141,Crime,52,352,89,81,96,75,88,88,45,68,,,86,95,47,,25,80,35,46,73,91,33,,,21,69
Children of Men,2006,109,SciFi,76,70,92,79,92,84,93,92,99,92,,65,66,76,83,88,31,89,95,55,,46,97,80,99,87,90
Chinatown,1974,131,Mystery,6,29,97,82,98,89,96,,0,91,84,91,56,,,78,99,34,96,96,79,38,89,100,93,94,35
City of God (Cidade de Deus),2002,130,Crime,3.3,30,94,86,91,80,95,62,81,95,,90,100,76,97,25,95,,80,80,72,,95,55,56,82,77
Coco,2017,105,Animation,175,814,95,84,97,81,94,91,21,76,52,85,75,96,40,81,30,100,16,,86,76,86,68,94,11,78
Collateral,2004,120,Crime,65,220,87,75,86,80,86,,77,85,92,17,92,86,18,91,47,64,53,77,91,85,97,25,82,85,92
Dallas Buyers Club,2013,117,Biographical,5,55,89,80,94,84,88,78,83,11,83,81,77,,47,16,93,,30,19,28,85,,41,17,90,100
Donnie Darko,2001,113,SciFi,4.5,7.5,91,80,87,69,90,84,86,18,23,88,97,62,81,99,82,79,100,32,99,74,77,83,90,77,19
Drive,2011,100,Crime,15,81,92,78,93,80,91,60,100,82,53,93,46,94,98,33,60,,49,11,86,16,15,100,,64,83
Edward Scissorhands,1990,105,Fantasy,20,86,90,79,90,75,92,47,91,61,80,96,55,86,,96,84,31,85,17,16,,40,58,,89,97
Ex Machina,2014,108,SciFi,15,37,91,77,92,78,90,55,80,17,,90,23,70,83,,85,93,11,,95,40,,92,76,84,80
Fargo,1996,98,Crime,7,60,94,81,94,85,93,80,76,94,87,44,38,64,90,81,89,72,79,94,57,80,81,,83,42,86
Frances Ha,2012,86,Comedy,3,11,88,74,93,80,87,94,94,90,85,89,91,90,100,86,97,20,78,,86,97,82,80,31,82,79
Frozen,2013,102,Animation,150,1280,86,74,90,75,85,,90,100,93,77,,82,84,84,92,,63,93,20,50,90,90,,85,92
Full Metal Jacket,1987,116,War,30,120,93,83,91,76,94,47,12,97,65,72,39,88,95,93,52,79,,96,29,78,16,80,94,78,26
The Green Mile,1999,189,Fantasy,60,286,87,86,79,61,88,84,88,97,92,,99,70,,53,24,47,20,55,100,77,63,97,79,60,88
Hacksaw Ridge,2016,139,War,40,180,83,81,86,71,84,62,83,94,18,81,96,49,80,75,78,32,51,91,40,85,25,82,89,97,80
Heat,1995,170,Crime,60,187,91,82,87,76,90,79,86,91,95,78,52,88,98,43,85,95,78,80,11,93,,83,93,78,100
Hugo,2011,126,Adventure,150,185,89,75,93,83,88,90,,93,,12,83,84,83,65,69,76,92,,48,44,86,12,91,95,46
The Incredibles,2004,115,Animation,92,631,95,80,97,90,96,86,17,53,94,13,90,13,97,97,34,20,37,96,64,99,97,,91,94,43
Jaws,1975,124,Horror,9,476,96,80,98,87,97,76,88,83,56,82,83,91,81,43,0,17,86,,97,82,88,41,41,84,89
Joker: Folie ? Deux (2024),2024,138,Thriller,200,521,80,52,68,59,82,92,67,100,42,88,26,39,97,79,100,95,87,,,66,85,96,77,96,92
Joker (2008,2008,152,Action,185,1005,97,90,94,84,98,92,,,53,90,99,94,,80,46,93,82,97,,93,94,66,23,15,95
Life of Pi,2012,127,Adventure,120,609,88,79,87,79,87,84,90,92,27,58,83,77,31,93,92,,30,13,79,24,23,76,,98,25
Lincoln,2012,150,Biographical,65,275,87,73,89,86,88,100,83,75,93,81,66,86,81,89,37,,92,17,,79,80,89,85,98,32
Lost in Translation,2003,102,Drama,4,119,90,77,95,69,91,27,,36,87,65,29,96,58,99,77,84,89,92,,90,86,100,32,22,82
Memento,2000,113,Mystery,9,40,93,84,92,80,94,37,90,54,89,33,98,83,70,94,79,86,79,76,26,99,81,86,54,45,83
Million Dollar Baby,2004,132,Drama,30,217,89,81,89,76,90,89,89,80,,48,94,97,30,34,57,79,99,95,21,60,99,89,95,76,62
Mystic River,2003,138,Crime,30,157,90,79,88,68,89,84,81,96,14,32,90,,95,87,97,76,80,90,,58,79,88,,95,
Pan?s Labyrinth,2006,118,Fantasy,19,83,97,82,95,98,96,94,98,,43,40,14,93,84,97,22,99,89,76,40,90,22,,68,91,99
Prisoners,2013,153,Crime,46,122,86,81,81,74,85,80,86,83,40,78,91,98,66,96,46,95,85,63,37,83,90,100,89,92,
Requiem for a Dream,2000,102,Drama,4.5,7.4,92,83,79,66,91,93,91,29,98,37,20,99,81,84,50,81,91,61,92,59,,57,56,92,91
Rocky,1976,120,Sports,1,225,91,81,93,70,92,92,87,,78,98,39,54,78,79,99,42,76,83,34,82,56,96,70,97,87
Schindler?s List,1993,195,Historical,22,322,98,89,98,93,99,16,25,76,76,94,,100,18,,76,79,79,84,77,93,85,66,86,84,92
Sicario,2015,122,Crime,30,85,90,76,93,84,91,85,,77,15,77,60,98,32,28,80,98,13,94,98,37,48,84,90,,90
Slumdog Millionaire,2008,120,Drama,15,378,87,80,91,86,88,,61,15,95,49,79,77,,72,13,27,99,,,54,82,30,,86,77
The Silence of the Lambs,1991,118,Horror,19,273,96,86,96,85,97,83,23,77,93,60,53,93,66,86,66,90,20,59,85,71,90,46,88,78,0
The Social Network,2010,120,Drama,40,225,92,77,96,95,93,,85,89,53,17,94,78,62,83,45,97,84,84,22,100,80,84,90,76,
